,Unnamed: 0,regiao,estado,municipio,coduf,codmun,codRegiaoSaude,nomeRegiaoSaude,data,semanaEpi,populacaoTCU2019,casosAcumulado,casosNovos,obitosAcumulado,obitosNovos,Recuperadosnovos,emAcompanhamentoNovos,interior/metropolitana
0,0,Brasil,,,76,,,,2020-02-25,9,210147125.0,0,0,0,0,,,
1,1,Brasil,,,76,,,,2020-02-26,9,210147125.0,1,1,0,0,,,
2,2,Brasil,,,76,,,,2020-02-27,9,210147125.0,1,0,0,0,,,
3,3,Brasil,,,76,,,,2020-02-28,9,210147125.0,1,0,0,0,,,
4,4,Brasil,,,76,,,,2020-02-29,9,210147125.0,2,1,0,0,,,
5,5,Brasil,,,76,,,,2020-03-01,10,210147125.0,2,0,0,0,,,
6,6,Brasil,,,76,,,,2020-03-02,10,210147125.0,2,0,0,0,,,
7,7,Brasil,,,76,,,,2020-03-03,10,210147125.0,2,0,0,0,,,
8,8,Brasil,,,76,,,,2020-03-04,10,210147125.0,3,1,0,0,,,
9,9,Brasil,,,76,,,,2020-03-05,10,210147125.0,7,4,0,0,,,
10,10,Brasil,,,76,,,,2020-03-06,10,210147125.0,13,6,0,0,,,
11,11,Brasil,,,76,,,,2020-03-07,10,210147125.0,19,6,0,0,,,
12,12,Brasil,,,76,,,,2020-03-08,11,210147125.0,25,6,0,0,,,
13,13,Brasil,,,76,,,,2020-03-09,11,210147125.0,25,0,0,0,,,
14,14,Brasil,,,76,,,,2020-03-10,11,210147125.0,34,9,0,0,,,
15,15,Brasil,,,76,,,,2020-03-11,11,210147125.0,52,18,0,0,,,
16,16,Brasil,,,76,,,,2020-03-12,11,210147125.0,77,25,0,0,,,
17,17,Brasil,,,76,,,,2020-03-13,11,210147125.0,98,21,0,0,,,
18,18,Brasil,,,76,,,,2020-03-14,11,210147125.0,121,23,0,0,,,
19,19,Brasil,,,76,,,,2020-03-15,12,210147125.0,200,79,0,0,,,
20,20,Brasil,,,76,,,,2020-03-16,12,210147125.0,234,34,0,0,,,
21,21,Brasil,,,76,,,,2020-03-17,12,210147125.0,291,57,1,1,,,
22,22,Brasil,,,76,,,,2020-03-18,12,210147125.0,428,137,4,3,,,
23,23,Brasil,,,76,,,,2020-03-19,12,210147125.0,621,193,6,2,,,
24,24,Brasil,,,76,,,,2020-03-20,12,210147125.0,904,283,11,5,,,
25,25,Brasil,,,76,,,,2020-03-21,12,210147125.0,1128,224,18,7,,,
26,26,Brasil,,,76,,,,2020-03-22,13,210147125.0,1546,418,25,7,,,
27,27,Brasil,,,76,,,,2020-03-23,13,210147125.0,1891,345,34,9,,,
28,28,Brasil,,,76,,,,2020-03-24,13,210147125.0,2201,310,46,12,,,
29,29,Brasil,,,76,,,,2020-03-25,13,210147125.0,2433,232,57,11,,,
30,30,Brasil,,,76,,,,2020-03-26,13,210147125.0,2915,482,77,20,,,
31,31,Brasil,,,76,,,,2020-03-27,13,210147125.0,3417,502,92,15,,,
32,32,Brasil,,,76,,,,2020-03-28,13,210147125.0,3903,486,114,22,,,
33,33,Brasil,,,76,,,,2020-03-29,14,210147125.0,4256,353,136,22,,,
34,34,Brasil,,,76,,,,2020-03-30,14,210147125.0,4579,323,159,23,,,
35,35,Brasil,,,76,,,,2020-03-31,14,210147125.0,5717,1138,201,42,,,
36,36,Brasil,,,76,,,,2020-04-01,14,210147125.0,6834,1117,241,40,,,
37,37,Brasil,,,76,,,,2020-04-02,14,210147125.0,7910,1076,299,58,,,
38,38,Brasil,,,76,,,,2020-04-03,14,210147125.0,9056,1146,359,60,,,
39,39,Brasil,,,76,,,,2020-04-04,14,210147125.0,10278,1222,432,73,,,
40,40,Brasil,,,76,,,,2020-04-05,15,210147125.0,11130,852,486,54,,,
41,41,Brasil,,,76,,,,2020-04-06,15,210147125.0,12056,926,553,67,,,
42,42,Brasil,,,76,,,,2020-04-07,15,210147125.0,13717,1661,667,114,,,
43,43,Brasil,,,76,,,,2020-04-08,15,210147125.0,15927,2210,800,133,,,
44,44,Brasil,,,76,,,,2020-04-09,15,210147125.0,17857,1930,941,141,,,
45,45,Brasil,,,76,,,,2020-04-10,15,210147125.0,19638,1781,1056,115,,,
46,46,Brasil,,,76,,,,2020-04-11,15,210147125.0,20727,1089,1124,68,,,
47,47,Brasil,,,76,,,,2020-04-12,16,210147125.0,22169,1442,1223,99,,,
48,48,Brasil,,,76,,,,2020-04-13,16,210147125.0,23430,1261,1328,105,,,
49,49,Brasil,,,76,,,,2020-04-14,16,210147125.0,25262,1832,1532,204,,,
50,50,Brasil,,,76,,,,2020-04-15,16,210147125.0,28320,3058,1736,204,,,
51,51,Brasil,,,76,,,,2020-04-16,16,210147125.0,30425,2105,1924,188,,,
52,52,Brasil,,,76,,,,2020-04-17,16,210147125.0,33682,3257,2141,217,,,
53,53,Brasil,,,76,,,,2020-04-18,16,210147125.0,36599,2917,2347,206,,,
54,54,Brasil,,,76,,,,2020-04-19,17,210147125.0,38654,2055,2462,115,22130.0,14062.0,
55,55,Brasil,,,76,,,,2020-04-20,17,210147125.0,40581,1927,2575,113,22991.0,15015.0,
56,56,Brasil,,,76,,,,2020-04-21,17,210147125.0,43079,2498,2741,166,24325.0,16013.0,
57,57,Brasil,,,76,,,,2020-04-22,17,210147125.0,45757,2678,2906,165,25318.0,17533.0,
58,58,Brasil,,,76,,,,2020-04-23,17,210147125.0,49492,3735,3313,407,26573.0,19606.0,
59,59,Brasil,,,76,,,,2020-04-24,17,210147125.0,52995,3503,3670,357,27655.0,21670.0,
60,60,Brasil,,,76,,,,2020-04-25,17,210147125.0,58509,5514,4016,346,29160.0,25333.0,
61,61,Brasil,,,76,,,,2020-04-26,18,210147125.0,61888,3379,4205,189,30152.0,27531.0,
62,62,Brasil,,,76,,,,2020-04-27,18,210147125.0,66501,4613,4543,338,31142.0,30816.0,
63,63,Brasil,,,76,,,,2020-04-28,18,210147125.0,71886,5385,5017,474,32544.0,34325.0,
64,64,Brasil,,,76,,,,2020-04-29,18,210147125.0,78162,6276,5466,449,34132.0,38564.0,
65,65,Brasil,,,76,,,,2020-04-30,18,210147125.0,85380,7218,5901,435,35935.0,43544.0,
66,66,Brasil,,,76,,,,2020-05-01,18,210147125.0,91299,5919,6329,428,38039.0,47221.0,
67,67,Brasil,,,76,,,,2020-05-02,18,210147125.0,96396,5097,6724,395,40937.0,48872.0,
68,68,Brasil,,,76,,,,2020-05-03,19,210147125.0,101147,4751,7025,301,42991.0,51131.0,
69,69,Brasil,,,76,,,,2020-05-04,19,210147125.0,107780,6633,7321,296,45186.0,55273.0,
70,70,Brasil,,,76,,,,2020-05-05,19,210147125.0,114715,6935,7921,600,48221.0,58573.0,
71,71,Brasil,,,76,,,,2020-05-06,19,210147125.0,125218,10503,8535,614,51370.0,65312.0,
72,72,Brasil,,,76,,,,2020-05-07,19,210147125.0,135106,9888,9146,611,55350.0,70610.0,
73,73,Brasil,,,76,,,,2020-05-08,19,210147125.0,145328,10222,9895,749,59297.0,76134.0,
74,74,Brasil,,,76,,,,2020-05-09,19,210147125.0,155939,10611,10627,732,61685.0,83627.0,
75,75,Brasil,,,76,,,,2020-05-10,20,210147125.0,162699,6760,11123,496,64957.0,86619.0,
76,76,Brasil,,,76,,,,2020-05-11,20,210147125.0,168331,5632,11519,396,67384.0,89429.0,
77,77,Brasil,,,76,,,,2020-05-12,20,210147125.0,177589,9258,12400,881,72597.0,92593.0,
78,78,Brasil,,,76,,,,2020-05-13,20,210147125.0,188974,11385,13149,749,78424.0,97402.0,
79,79,Brasil,,,76,,,,2020-05-14,20,210147125.0,202918,13944,13993,844,79479.0,109446.0,
80,80,Brasil,,,76,,,,2020-05-15,20,210147125.0,218223,15305,14817,824,84970.0,118436.0,
81,81,Brasil,,,76,,,,2020-05-16,20,210147125.0,233142,14919,15633,816,89672.0,127837.0,
82,82,Brasil,,,76,,,,2020-05-17,21,210147125.0,241080,7938,16118,485,94122.0,130840.0,
83,83,Brasil,,,76,,,,2020-05-18,21,210147125.0,254220,13140,16792,674,100459.0,136969.0,
84,84,Brasil,,,76,,,,2020-05-19,21,210147125.0,271628,17408,17971,1179,106794.0,146863.0,
85,85,Brasil,,,76,,,,2020-05-20,21,210147125.0,291579,19951,18859,888,116683.0,156037.0,
86,86,Brasil,,,76,,,,2020-05-21,21,210147125.0,310087,18508,20047,1188,125960.0,164080.0,
87,87,Brasil,,,76,,,,2020-05-22,21,210147125.0,330890,20803,21046,999,135430.0,174412.0,
88,88,Brasil,,,76,,,,2020-05-23,21,210147125.0,347398,16508,22013,967,142587.0,182798.0,
89,89,Brasil,,,76,,,,2020-05-24,22,210147125.0,363211,15813,22666,653,149911.0,190634.0,
90,90,Brasil,,,76,,,,2020-05-25,22,210147125.0,374898,11687,23473,807,153833.0,197592.0,
91,91,Brasil,,,76,,,,2020-05-26,22,210147125.0,391222,16324,24512,1039,158593.0,208117.0,
92,92,Brasil,,,76,,,,2020-05-27,22,210147125.0,411821,20599,25598,1086,166647.0,219576.0,
93,93,Brasil,,,76,,,,2020-05-28,22,210147125.0,438238,26417,26754,1156,177604.0,233880.0,
94,94,Brasil,,,76,,,,2020-05-29,22,210147125.0,465166,26928,27878,1124,189476.0,247812.0,
95,95,Brasil,,,76,,,,2020-05-30,22,210147125.0,498440,33274,28834,956,200892.0,268714.0,
96,96,Brasil,,,76,,,,2020-05-31,23,210147125.0,514200,15760,29314,480,206555.0,278331.0,
97,97,Brasil,,,76,,,,2020-06-01,23,210147125.0,526447,12247,29937,623,211080.0,285430.0,
98,98,Brasil,,,76,,,,2020-06-02,23,210147125.0,555383,28936,31199,1262,223638.0,300546.0,
99,99,Brasil,,,76,,,,2020-06-03,23,210147125.0,584016,28633,32548,1349,238617.0,312851.0,
100,100,Brasil,,,76,,,,2020-06-04,23,210147125.0,614941,30925,34021,1473,254963.0,325957.0,
101,101,Brasil,,,76,,,,2020-06-05,23,210147125.0,645771,30830,35026,1005,266940.0,343805.0,
102,102,Brasil,,,76,,,,2020-06-06,23,210147125.0,672846,27075,35930,904,277149.0,359767.0,
103,103,Brasil,,,76,,,,2020-06-07,24,210147125.0,691758,18912,36455,525,283952.0,371351.0,
104,104,Brasil,,,76,,,,2020-06-08,24,210147125.0,707412,15654,37134,679,290040.0,380238.0,
105,105,Brasil,,,76,,,,2020-06-09,24,210147125.0,739503,32091,38406,1272,311064.0,390033.0,
106,106,Brasil,,,76,,,,2020-06-10,24,210147125.0,772416,32913,39680,1274,325395.0,407341.0,
107,107,Brasil,,,76,,,,2020-06-11,24,210147125.0,802828,30412,40919,1239,345595.0,416314.0,
108,108,Brasil,,,76,,,,2020-06-12,24,210147125.0,828810,25982,41828,909,365063.0,421919.0,
109,109,Brasil,,,76,,,,2020-06-13,24,210147125.0,850514,21704,42720,892,379245.0,428549.0,
110,110,Brasil,,,76,,,,2020-06-14,25,210147125.0,867624,17110,43332,612,388492.0,435800.0,
111,111,Brasil,,,76,,,,2020-06-15,25,210147125.0,888271,20647,43959,627,412252.0,432060.0,
112,112,Brasil,,,76,,,,2020-06-16,25,210147125.0,923189,34918,45241,1282,441729.0,436219.0,
113,113,Brasil,,,76,,,,2020-06-17,25,210147125.0,955377,32188,46510,1269,463474.0,445393.0,
114,114,Brasil,,,76,,,,2020-06-18,25,210147125.0,978142,22765,47748,1238,482102.0,448292.0,
115,115,Brasil,,,76,,,,2020-06-19,25,210147125.0,1032913,54771,48954,1206,507200.0,476759.0,
116,116,Brasil,,,76,,,,2020-06-20,25,210147125.0,1067579,34666,49976,1022,520734.0,496869.0,
117,117,Brasil,,,76,,,,2020-06-21,26,210147125.0,1085038,17459,50617,641,549386.0,485035.0,
118,118,Brasil,,,76,,,,2020-06-22,26,210147125.0,1106470,21432,51271,654,571649.0,483550.0,
119,119,Brasil,,,76,,,,2020-06-23,26,210147125.0,1145906,39436,52645,1374,613345.0,479916.0,
120,120,Brasil,,,76,,,,2020-06-24,26,210147125.0,1188631,42725,53830,1185,649908.0,484893.0,
121,121,Brasil,,,76,,,,2020-06-25,26,210147125.0,1228114,39483,54971,1141,673729.0,499414.0,
122,122,Brasil,,,76,,,,2020-06-26,26,210147125.0,1274974,46860,55961,990,697526.0,521487.0,
123,123,Brasil,,,76,,,,2020-06-27,26,210147125.0,1313667,38693,57070,1109,715905.0,540692.0,
124,124,Brasil,,,76,,,,2020-06-28,27,210147125.0,1344143,30476,57622,552,733848.0,552673.0,
125,125,Brasil,,,76,,,,2020-06-29,27,210147125.0,1368195,24052,58314,692,757462.0,552419.0,
126,126,Brasil,,,76,,,,2020-06-30,27,210147125.0,1402041,33846,59594,1280,790040.0,552407.0,
127,127,Brasil,,,76,,,,2020-07-01,27,210147125.0,1448753,46712,60632,1038,826866.0,561255.0,
128,128,Brasil,,,76,,,,2020-07-02,27,210147125.0,1496858,48105,61884,1252,852816.0,582158.0,
129,129,Brasil,,,76,,,,2020-07-03,27,210147125.0,1539081,42223,63174,1290,868372.0,607535.0,
130,130,Brasil,,,76,,,,2020-07-04,27,210147125.0,1577004,37923,64265,1091,876359.0,636380.0,
131,131,Brasil,,,76,,,,2020-07-05,28,210147125.0,1603055,26051,64867,602,906286.0,631902.0,
132,132,Brasil,,,76,,,,2020-07-06,28,210147125.0,1623284,20229,65487,620,927292.0,630505.0,
133,133,Brasil,,,76,,,,2020-07-07,28,210147125.0,1668589,45305,66741,1254,976977.0,624871.0,
134,134,Brasil,,,76,,,,2020-07-08,28,210147125.0,1713160,44571,67964,1223,1020901.0,624295.0,
135,135,Brasil,,,76,,,,2020-07-09,28,210147125.0,1755779,42619,69184,1220,1054043.0,632552.0,
136,136,Brasil,,,76,,,,2020-07-10,28,210147125.0,1800827,45048,70398,1214,1078763.0,651666.0,
137,137,Brasil,,,76,,,,2020-07-11,28,210147125.0,1839850,39023,71469,1071,1100873.0,667508.0,
138,138,Brasil,,,76,,,,2020-07-12,29,210147125.0,1864681,24831,72100,631,1123204.0,669377.0,
139,139,Brasil,,,76,,,,2020-07-13,29,210147125.0,1884967,20286,72833,733,1154837.0,657297.0,
140,140,Brasil,,,76,,,,2020-07-14,29,210147125.0,1926824,41857,74133,1300,1209208.0,643483.0,
141,141,Brasil,,,76,,,,2020-07-15,29,210147125.0,1966748,39924,75366,1233,1255564.0,635818.0,
142,142,Brasil,,,76,,,,2020-07-16,29,210147125.0,2012151,45403,76688,1322,1296328.0,639135.0,
143,143,Brasil,,,76,,,,2020-07-17,29,210147125.0,2046328,34177,77851,1163,1321036.0,647441.0,
144,144,Brasil,,,76,,,,2020-07-18,29,210147125.0,2074860,28532,78772,921,1342362.0,653726.0,
145,145,Brasil,,,76,,,,2020-07-19,30,210147125.0,2098389,23529,79488,716,1371229.0,647672.0,
146,146,Brasil,,,76,,,,2020-07-20,30,210147125.0,2118646,20257,80120,632,1409202.0,629324.0,
147,147,Brasil,,,76,,,,2020-07-21,30,210147125.0,2159654,41008,81487,1367,1465970.0,612197.0,
148,148,Brasil,,,76,,,,2020-07-22,30,210147125.0,2227514,67860,82771,1284,1532138.0,612605.0,
149,149,Brasil,,,76,,,,2020-07-23,30,210147125.0,2287475,59961,84082,1311,1570237.0,633156.0,
150,150,Brasil,,,76,,,,2020-07-24,30,210147125.0,2343366,55891,85238,1156,1592281.0,665847.0,
151,151,Brasil,,,76,,,,2020-07-25,30,210147125.0,2394513,51147,86449,1211,1617480.0,690584.0,
152,152,Brasil,,,76,,,,2020-07-26,31,210147125.0,2419091,24578,87004,555,1634274.0,697813.0,
153,153,Brasil,,,76,,,,2020-07-27,31,210147125.0,2442375,23284,87618,614,1667667.0,687090.0,
154,154,Brasil,,,76,,,,2020-07-28,31,210147125.0,2483191,40816,88539,921,1721560.0,673092.0,
155,155,Brasil,,,76,,,,2020-07-29,31,210147125.0,2552265,69074,90134,1595,1786753.0,675378.0,
156,156,Brasil,,,76,,,,2020-07-30,31,210147125.0,2610102,57837,91263,1129,1824095.0,694744.0,
157,157,Brasil,,,76,,,,2020-07-31,31,210147125.0,2662485,52383,92475,1212,1844051.0,725959.0,
714481,714481,Brasil,,,76,,,,2020-08-01,31,210147125.0,2707877,45392,93563,1088,1865729.0,748585.0,
714482,714482,Brasil,,,76,,,,2020-08-02,32,210147125.0,2733677,25800,94104,541,1883677.0,755896.0,
714483,714483,Brasil,,,76,,,,2020-08-03,32,210147125.0,2750318,16641,94665,561,1912319.0,743334.0,
714484,714484,Brasil,,,76,,,,2020-08-04,32,210147125.0,2801921,51603,95819,1154,1970767.0,735335.0,
714485,714485,Brasil,,,76,,,,2020-08-05,32,210147125.0,2857597,55676,97240,1421,2020637.0,741180.0,
714486,714486,Brasil,,,76,,,,2020-08-06,32,210147125.0,2912212,54615,98493,1253,2080916.0,781954.0,
714487,714487,Brasil,,,76,,,,2020-08-07,32,210147125.0,2962442,50230,99572,1079,2068394.0,794476.0,
714488,714488,Brasil,,,76,,,,2020-08-08,32,210147125.0,3012412,49970,100477,905,2094293.0,817642.0,
714489,714489,Brasil,,,76,,,,2020-08-09,33,210147125.0,3035422,23010,101049,572,2118460.0,815913.0,
714490,714490,Brasil,,,76,,,,2020-08-10,33,210147125.0,3057470,22048,101752,703,2163812.0,791906.0,
714491,714491,Brasil,,,76,,,,2020-08-11,33,210147125.0,3109630,52160,103026,1274,2243124.0,763480.0,
714492,714492,Brasil,,,76,,,,2020-08-12,33,210147125.0,3164785,55155,104201,1175,2309477.0,751107.0,
714493,714493,Brasil,,,76,,,,2020-08-13,33,210147125.0,3224876,60091,105463,1262,2356640.0,762773.0,
714494,714494,Brasil,,,76,,,,2020-08-14,33,210147125.0,3275520,50644,106523,1060,2384302.0,784695.0,
714495,714495,Brasil,,,76,,,,2020-08-15,33,210147125.0,3317096,41576,107232,709,2404272.0,805592.0,
714496,714496,Brasil,,,76,,,,2020-08-16,34,210147125.0,3340197,23101,107852,620,2432456.0,799889.0,
714497,714497,Brasil,,,76,,,,2020-08-17,34,210147125.0,3359570,19373,108536,684,2478494.0,772540.0,
714498,714498,Brasil,,,76,,,,2020-08-18,34,210147125.0,3407354,47784,109888,1352,2554179.0,743287.0,
714499,714499,Brasil,,,76,,,,2020-08-19,34,210147125.0,3456652,49298,111100,1212,2615254.0,730298.0,
714500,714500,Brasil,,,76,,,,2020-08-20,34,210147125.0,3501975,45323,112304,1204,2653407.0,736264.0,
714501,714501,Brasil,,,76,,,,2020-08-21,34,210147125.0,3532330,30355,113358,1054,2670755.0,748217.0,
714502,714502,Brasil,,,76,,,,2020-08-22,34,210147125.0,3582362,50032,114250,892,2709638.0,758474.0,
714503,714503,Brasil,,,76,,,,2020-08-23,35,210147125.0,3605783,23421,114744,494,2739035.0,752004.0,
714504,714504,Brasil,,,76,,,,2020-08-24,35,210147125.0,3622861,17078,115309,565,2778709.0,728843.0,
714505,714505,Brasil,,,76,,,,2020-08-25,35,210147125.0,3669995,47134,116580,1271,2848395.0,705020.0,
714506,714506,Brasil,,,76,,,,2020-08-26,35,210147125.0,3717156,47161,117665,1085,2908848.0,690642.0,
714507,714507,Brasil,,,76,,,,2020-08-27,35,210147125.0,3761391,44235,118649,984,2947250.0,695492.0,
714508,714508,Brasil,,,76,,,,2020-08-28,35,210147125.0,3804803,43412,119504,855,2976796.0,708503.0,
714509,714509,Brasil,,,76,,,,2020-08-29,35,210147125.0,3846153,41350,120462,958,3006679.0,719012.0,
714510,714510,Brasil,,,76,,,,2020-08-30,36,210147125.0,3862311,16158,120828,366,3031626.0,709857.0,
714511,714511,Brasil,,,76,,,,2020-08-31,36,210147125.0,3908272,45961,121381,553,3097734.0,689157.0,
714512,714512,Brasil,,,76,,,,2020-09-01,36,210147125.0,3950931,42659,122596,1215,3159096.0,669239.0,
714513,714513,Brasil,,,76,,,,2020-09-02,36,210147125.0,3997865,46934,123780,1184,3210405.0,663680.0,
714514,714514,Brasil,,,76,,,,2020-09-03,36,210147125.0,4041638,43773,124614,834,3247610.0,669414.0,
714515,714515,Brasil,,,76,,,,2020-09-04,36,210147125.0,4092832,51194,125521,907,3278918.0,688393.0,
714516,714516,Brasil,,,76,,,,2020-09-05,36,210147125.0,4123000,30168,126203,682,3296702.0,700095.0,
714517,714517,Brasil,,,76,,,,2020-09-06,37,210147125.0,4137521,14521,126650,447,3317227.0,693644.0,
714518,714518,Brasil,,,76,,,,2020-09-07,37,210147125.0,4147794,10273,126960,310,3355564.0,665270.0,
714519,714519,Brasil,,,76,,,,2020-09-08,37,210147125.0,4162073,14279,127464,504,3397234.0,637375.0,
714520,714520,Brasil,,,76,,,,2020-09-09,37,210147125.0,4197889,35816,128539,1075,3453336.0,616014.0,
714521,714521,Brasil,,,76,,,,2020-09-10,37,210147125.0,4238446,40557,129522,983,3497337.0,611587.0,
714522,714522,Brasil,,,76,,,,2020-09-11,37,210147125.0,4282164,43718,130396,874,3530655.0,621113.0,
714523,714523,Brasil,,,76,,,,2020-09-12,37,210147125.0,4315687,33523,131210,814,3553421.0,631056.0,
714524,714524,Brasil,,,76,,,,2020-09-13,38,210147125.0,4330455,14768,131625,415,3573958.0,624872.0,
714525,714525,Brasil,,,76,,,,2020-09-14,38,210147125.0,4345610,15155,132006,381,3613184.0,600420.0,
714526,714526,Brasil,,,76,,,,2020-09-15,38,210147125.0,4382263,36653,133119,1113,3671128.0,578016.0,
714527,714527,Brasil,,,76,,,,2020-09-16,38,210147125.0,4419083,36820,134106,987,3720312.0,564665.0,
714528,714528,Brasil,,,76,,,,2020-09-17,38,210147125.0,4455386,36303,134935,829,3753082.0,567369.0,
714529,714529,Brasil,,,76,,,,2020-09-18,38,210147125.0,4495183,39797,135793,858,3789139.0,570251.0,
714530,714530,Brasil,,,76,,,,2020-09-19,38,210147125.0,4528240,33057,136532,739,3820095.0,571613.0,
714531,714531,Brasil,,,76,,,,2020-09-20,39,210147125.0,4544629,16389,136895,363,3851227.0,556507.0,
714532,714532,Brasil,,,76,,,,2020-09-21,39,210147125.0,4558068,13439,137272,377,3887199.0,533597.0,
714533,714533,Brasil,,,76,,,,2020-09-22,39,210147125.0,4591604,33536,138108,836,3945627.0,507869.0,
714534,714534,Brasil,,,76,,,,2020-09-23,39,210147125.0,4624885,33281,138977,869,3992886.0,493022.0,
714535,714535,Brasil,,,76,,,,2020-09-24,39,210147125.0,4657702,32817,139808,831,4023789.0,494105.0,
714536,714536,Brasil,,,76,,,,2020-09-25,39,210147125.0,4689613,31911,140537,729,4040949.0,508127.0,
714537,714537,Brasil,,,76,,,,2020-09-26,39,210147125.0,4717991,28378,141406,869,4050837.0,525748.0,
714538,714538,Brasil,,,76,,,,2020-09-27,40,210147125.0,4732309,14318,141741,335,4060088.0,530480.0,
714539,714539,Brasil,,,76,,,,2020-09-28,40,210147125.0,4745464,13155,142058,317,4084182.0,519224.0,
714540,714540,Brasil,,,76,,,,2020-09-29,40,210147125.0,4777522,32058,142921,863,4135088.0,499513.0,
714541,714541,Brasil,,,76,,,,2020-09-30,40,210147125.0,4810935,33413,143952,1031,4180376.0,486607.0,
714542,714542,Brasil,,,76,,,,2020-10-01,40,210147125.0,4847092,36157,144680,728,4212772.0,489640.0,
714543,714543,Brasil,,,76,,,,2020-10-02,40,210147125.0,4880523,33431,145388,708,4232593.0,502542.0,
714544,714544,Brasil,,,76,,,,2020-10-03,40,210147125.0,4906833,26310,145987,599,4248574.0,512272.0,
714545,714545,Brasil,,,76,,,,2020-10-04,41,210147125.0,4915289,8456,146352,365,4263208.0,505729.0,
714546,714546,Brasil,,,76,,,,2020-10-05,41,210147125.0,4927235,11946,146675,323,4295302.0,485258.0,
714547,714547,Brasil,,,76,,,,2020-10-06,41,210147125.0,4969141,41906,147494,819,4352871.0,468776.0,
714548,714548,Brasil,,,76,,,,2020-10-07,41,210147125.0,5000694,31553,148228,734,4391424.0,461042.0,
714549,714549,Brasil,,,76,,,,2020-10-08,41,210147125.0,5028444,27750,148957,729,4414564.0,464923.0,
714550,714550,Brasil,,,76,,,,2020-10-09,41,210147125.0,5055888,27444,149639,682,4433595.0,472654.0,
714551,714551,Brasil,,,76,,,,2020-10-10,41,210147125.0,5082637,26749,150198,559,4453722.0,478717.0,
714552,714552,Brasil,,,76,,,,2020-10-11,42,210147125.0,5094979,12342,150488,290,4470163.0,474328.0,
714553,714553,Brasil,,,76,,,,2020-10-12,42,210147125.0,5103408,8429,150689,201,4495269.0,457450.0,
714554,714554,Brasil,,,76,,,,2020-10-13,42,210147125.0,5113628,10220,150998,309,4526975.0,435655.0,
714555,714555,Brasil,,,76,,,,2020-10-14,42,210147125.0,5140863,27235,151747,749,4568813.0,420303.0,
714556,714556,Brasil,,,76,,,,2020-10-15,42,210147125.0,5169386,28523,152460,713,4599446.0,417480.0,
714557,714557,Brasil,,,76,,,,2020-10-16,42,210147125.0,5200300,30914,153214,754,4619560.0,427526.0,
714558,714558,Brasil,,,76,,,,2020-10-17,42,210147125.0,5224362,24062,153675,461,4635315.0,435372.0,
714559,714559,Brasil,,,76,,,,2020-10-18,43,210147125.0,5235344,10982,153905,230,4650030.0,431409.0,
714560,714560,Brasil,,,76,,,,2020-10-19,43,210147125.0,5250727,15383,154176,271,4681659.0,414892.0,
714561,714561,Brasil,,,76,,,,2020-10-20,43,210147125.0,5273954,23227,154837,661,4721593.0,397524.0,
714562,714562,Brasil,,,76,,,,2020-10-21,43,210147125.0,5298772,24818,155403,566,4756489.0,386880.0,
714563,714563,Brasil,,,76,,,,2020-10-22,43,210147125.0,5323630,24858,155900,497,4779295.0,388435.0,
714564,714564,Brasil,,,76,,,,2020-10-23,43,210147125.0,5353656,30026,156471,571,4797872.0,399313.0,
714565,714565,Brasil,,,76,,,,2020-10-24,43,210147125.0,5380635,26979,156903,432,4817898.0,405834.0,
714566,714566,Brasil,,,76,,,,2020-10-25,44,210147125.0,5394128,13493,157134,231,4835915.0,401079.0,
714567,714567,Brasil,,,76,,,,2020-10-26,44,210147125.0,5409854,15726,157397,263,4865930.0,386527.0,
714568,714568,Brasil,,,76,,,,2020-10-27,44,210147125.0,5439641,29787,157946,549,4904046.0,377649.0,
714569,714569,Brasil,,,76,,,,2020-10-28,44,210147125.0,5468270,28629,158456,510,4934548.0,375266.0,
714570,714570,Brasil,,,76,,,,2020-10-29,44,210147125.0,5494376,26106,158969,513,4954159.0,381248.0,
714571,714571,Brasil,,,76,,,,2020-10-30,44,210147125.0,5516658,22282,159477,508,4966264.0,390917.0,
714572,714572,Brasil,,,76,,,,2020-10-31,44,210147125.0,5535605,18947,159884,407,4972898.0,402823.0,
714573,714573,Brasil,,,76,,,,2020-11-01,45,210147125.0,5545705,10100,160074,190,4980942.0,404689.0,
714574,714574,Brasil,,,76,,,,2020-11-02,45,210147125.0,5554206,8501,160253,179,4998408.0,395545.0,
714575,714575,Brasil,,,76,,,,2020-11-03,45,210147125.0,5566049,11843,160496,243,5028216.0,377337.0,
714576,714576,Brasil,,,76,,,,2020-11-04,45,210147125.0,5590025,23976,161106,610,5064344.0,364575.0,
714577,714577,Brasil,,,76,,,,2020-11-05,45,210147125.0,5612319,22294,161736,630,5088635.0,361948.0,
714578,714578,Brasil,,,76,,,,2020-11-06,45,210147125.0,5633747,21428,162038,302,5104195.0,367514.0,
714579,714579,Brasil,,,76,,,,2020-11-07,45,210147125.0,5653561,19814,162269,231,5119132.0,372160.0,
714580,714580,Brasil,,,76,,,,2020-11-08,46,210147125.0,5664115,10554,162397,128,5133155.0,368563.0,
714581,714581,Brasil,,,76,,,,2020-11-09,46,210147125.0,5675032,10917,162628,231,5154005.0,358399.0,
714582,714582,Brasil,,,76,,,,2020-11-10,46,210147125.0,5700044,25012,162829,201,5189529.0,347686.0,
714583,714583,Brasil,,,76,,,,2020-11-11,46,210147125.0,5748375,48331,163373,544,5236345.0,348657.0,
714584,714584,Brasil,,,76,,,,2020-11-12,46,210147125.0,5781582,33207,164281,908,5256767.0,360534.0,
714585,714585,Brasil,,,76,,,,2020-11-13,46,210147125.0,5810652,29070,164737,456,5267567.0,378348.0,
714586,714586,Brasil,,,76,,,,2020-11-14,46,210147125.0,5848959,38307,165658,921,5291511.0,391790.0,
714587,714587,Brasil,,,76,,,,2020-11-15,47,210147125.0,5863093,14134,165798,140,5303114.0,394181.0,
714588,714588,Brasil,,,76,,,,2020-11-16,47,210147125.0,5876464,13371,166014,216,5322406.0,388044.0,
714589,714589,Brasil,,,76,,,,2020-11-17,47,210147125.0,5911758,35294,166699,685,5361592.0,383467.0,
714590,714590,Brasil,,,76,,,,2020-11-18,47,210147125.0,5945849,34091,167455,756,5389863.0,388531.0,
714591,714591,Brasil,,,76,,,,2020-11-19,47,210147125.0,5981767,35918,168061,606,5407498.0,406208.0,
714592,714592,Brasil,,,76,,,,2020-11-20,47,210147125.0,6020164,38397,168613,552,5422102.0,429449.0,
714593,714593,Brasil,,,76,,,,2020-11-21,47,210147125.0,6052786,32622,168989,376,5429158.0,454639.0,
714594,714594,Brasil,,,76,,,,2020-11-22,48,210147125.0,6071401,18615,169183,194,5432505.0,469713.0,
714595,714595,Brasil,,,76,,,,2020-11-23,48,210147125.0,6087608,16207,169485,302,5445095.0,473028.0,
714596,714596,Brasil,,,76,,,,2020-11-24,48,210147125.0,6118708,31100,170115,630,5476018.0,472575.0,
714597,714597,Brasil,,,76,,,,2020-11-25,48,210147125.0,6166606,47898,170769,654,5512847.0,482990.0,
714598,714598,Brasil,,,76,,,,2020-11-26,48,210147125.0,6204220,37614,171460,691,5528599.0,504161.0,
714599,714599,Brasil,,,76,,,,2020-11-27,48,210147125.0,6238350,34130,171974,514,5536524.0,529852.0,
714600,714600,Brasil,,,76,,,,2020-11-28,48,210147125.0,6290272,51922,172561,587,5562539.0,555172.0,
714601,714601,Brasil,,,76,,,,2020-11-29,49,210147125.0,6314740,24468,172833,272,5578118.0,563789.0,
714602,714602,Brasil,,,76,,,,2020-11-30,49,210147125.0,6335878,21138,173120,287,5601804.0,560954.0,
714603,714603,Brasil,,,76,,,,2020-12-01,49,210147125.0,6386787,50909,173817,697,5656498.0,556472.0,
714604,714604,Brasil,,,76,,,,2020-12-02,49,210147125.0,6436650,49863,174515,698,5698353.0,563782.0,
714605,714605,Brasil,,,76,,,,2020-12-03,49,210147125.0,6487084,50434,175270,755,5725010.0,586804.0,
714606,714606,Brasil,,,76,,,,2020-12-04,49,210147125.0,6533968,46884,175964,694,5744369.0,613635.0,
714607,714607,Brasil,,,76,,,,2020-12-05,49,210147125.0,6577177,43209,176628,664,5761363.0,639186.0,
714608,714608,Brasil,,,76,,,,2020-12-06,50,210147125.0,6603540,26363,176941,313,5776182.0,650417.0,
714609,714609,Brasil,,,76,,,,2020-12-07,50,210147125.0,6623911,20371,177317,376,5801067.0,645527.0,
714610,714610,Brasil,,,76,,,,2020-12-08,50,210147125.0,6674999,51088,178159,842,5854709.0,642131.0,
714611,714611,Brasil,,,76,,,,2020-12-09,50,210147125.0,6728452,53453,178995,836,5901511.0,647946.0,
714612,714612,Brasil,,,76,,,,2020-12-10,50,210147125.0,6781799,53347,179765,770,5931777.0,670257.0,
714613,714613,Brasil,,,76,,,,2020-12-11,50,210147125.0,6836227,54428,180437,672,5954745.0,701045.0,
714614,714614,Brasil,,,76,,,,2020-12-12,50,210147125.0,6880127,43900,181123,686,5969706.0,729298.0,
714615,714615,Brasil,,,76,,,,2020-12-13,51,210147125.0,6901952,21825,181402,279,5982953.0,737597.0,
714616,714616,Brasil,,,76,,,,2020-12-14,51,210147125.0,6927145,25193,181835,433,6016085.0,729225.0,
714617,714617,Brasil,,,76,,,,2020-12-15,51,210147125.0,6970034,42889,182799,964,6067862.0,719373.0,
714618,714618,Brasil,,,76,,,,2020-12-16,51,210147125.0,7040608,70574,183735,936,6132683.0,724190.0,
714619,714619,Brasil,,,76,,,,2020-12-17,51,210147125.0,7110434,69826,184827,1092,6177702.0,747905.0,
714620,714620,Brasil,,,76,,,,2020-12-18,51,210147125.0,7162978,52544,185650,823,6198185.0,779143.0,
714621,714621,Brasil,,,76,,,,2020-12-19,51,210147125.0,7213155,50177,186356,706,6222764.0,804035.0,
714622,714622,Brasil,,,76,,,,2020-12-20,52,210147125.0,7238600,25445,186764,408,6245801.0,806035.0,
714623,714623,Brasil,,,76,,,,2020-12-21,52,210147125.0,7263619,25019,187291,527,6286980.0,789348.0,
714624,714624,Brasil,,,76,,,,2020-12-22,52,210147125.0,7318821,55202,188259,968,6354972.0,775590.0,
714625,714625,Brasil,,,76,,,,2020-12-23,52,210147125.0,7365517,46696,189220,961,6405356.0,770941.0,
714626,714626,Brasil,,,76,,,,2020-12-24,52,210147125.0,7425593,60076,190006,786,6448740.0,785223.0,
714627,714627,Brasil,,,76,,,,2020-12-25,52,210147125.0,7448560,22967,190488,482,6449822.0,785765.0,
714628,714628,Brasil,,,76,,,,2020-12-26,52,210147125.0,7465806,17246,190795,307,6459335.0,798737.0,
714629,714629,Brasil,,,76,,,,2020-12-27,53,210147125.0,7484285,18479,191139,344,6475466.0,799545.0,
714630,714630,Brasil,,,76,,,,2020-12-28,53,210147125.0,7504833,20548,191570,431,6515370.0,777776.0,
714631,714631,Brasil,,,76,,,,2020-12-29,53,210147125.0,7563551,58718,192681,1111,6568898.0,744365.0,
714632,714632,Brasil,,,76,,,,2020-12-30,53,210147125.0,7619200,55649,193875,1194,6647538.0,723332.0,
714633,714633,Brasil,,,76,,,,2020-12-31,53,210147125.0,7675973,56773,194949,1074,6707781.0,717544.0,
1574188,1574188,Brasil,,,76,,,,2021-01-01,53,210147125.0,7700578,24605,195411,462,6747065.0,733959.0,
1574189,1574189,Brasil,,,76,,,,2021-01-02,53,210147125.0,7716405,15827,195725,314,6756284.0,748883.0,
1574190,1574190,Brasil,,,76,,,,2021-01-03,1,210147125.0,7733746,17341,196018,293,6769420.0,751260.0,
1574191,1574191,Brasil,,,76,,,,2021-01-04,1,210147125.0,7753752,20006,196561,543,6813008.0,724720.0,
1574192,1574192,Brasil,,,76,,,,2021-01-05,1,210147125.0,7810400,56648,197732,1171,6875230.0,681961.0,
1574193,1574193,Brasil,,,76,,,,2021-01-06,1,210147125.0,7873830,63430,198974,1242,6963407.0,649261.0,
1574194,1574194,Brasil,,,76,,,,2021-01-07,1,210147125.0,7961673,87843,200498,1524,7036530.0,638326.0,
1574195,1574195,Brasil,,,76,,,,2021-01-08,1,210147125.0,8013708,52035,201460,962,7096931.0,664244.0,
1574196,1574196,Brasil,,,76,,,,2021-01-09,1,210147125.0,8075998,62290,202631,1171,7114474.0,697774.0,
1574197,1574197,Brasil,,,76,,,,2021-01-10,2,210147125.0,8105790,29792,203100,469,7144011.0,729356.0,
1574198,1574198,Brasil,,,76,,,,2021-01-11,2,210147125.0,8131612,25822,203580,480,7167651.0,735039.0,
1574199,1574199,Brasil,,,76,,,,2021-01-12,2,210147125.0,8195637,64025,204690,1110,7207483.0,720549.0,
1574200,1574200,Brasil,,,76,,,,2021-01-13,2,210147125.0,8256536,60899,205964,1274,7273707.0,717240.0,
1574201,1574201,Brasil,,,76,,,,2021-01-14,2,210147125.0,8324294,67758,207095,1131,7277195.0,713752.0,
1574202,1574202,Brasil,,,76,,,,2021-01-15,2,210147125.0,8393492,69198,208246,1151,7316944.0,733628.0,
1574203,1574203,Brasil,,,76,,,,2021-01-16,2,210147125.0,8455059,61567,209296,1050,7339703.0,777496.0,
1574204,1574204,Brasil,,,76,,,,2021-01-17,3,210147125.0,8488099,33040,209847,551,7361379.0,823867.0,
1574205,1574205,Brasil,,,76,,,,2021-01-18,3,210147125.0,8511770,23671,210299,452,7388784.0,856979.0,
1574206,1574206,Brasil,,,76,,,,2021-01-19,3,210147125.0,8573864,62094,211491,1192,7411654.0,866598.0,
1574207,1574207,Brasil,,,76,,,,2021-01-20,3,210147125.0,8638249,64385,212831,1340,7452047.0,849424.0,
1574208,1574208,Brasil,,,76,,,,2021-01-21,3,210147125.0,8697368,59119,214147,1316,7518846.0,843527.0,
1574209,1574209,Brasil,,,76,,,,2021-01-22,3,210147125.0,8753920,56552,215243,1096,7564622.0,860796.0,
1574210,1574210,Brasil,,,76,,,,2021-01-23,3,210147125.0,8816254,62334,216445,1202,7580741.0,902480.0,
1574211,1574211,Brasil,,,76,,,,2021-01-24,4,210147125.0,8844577,28323,217037,592,7594771.0,943906.0,
1574212,1574212,Brasil,,,76,,,,2021-01-25,4,210147125.0,8871393,26816,217664,627,7628438.0,971371.0,
1574213,1574213,Brasil,,,76,,,,2021-01-26,4,210147125.0,8933356,61963,218878,1214,7653770.0,973770.0,
1574214,1574214,Brasil,,,76,,,,2021-01-27,4,210147125.0,8996876,63520,220161,1283,7709602.0,944127.0,
1574215,1574215,Brasil,,,76,,,,2021-01-28,4,210147125.0,9058687,61811,221547,1386,7798655.0,915823.0,
1574216,1574216,Brasil,,,76,,,,2021-01-29,4,210147125.0,9118513,59826,222666,1119,7877337.0,899378.0,
1574217,1574217,Brasil,,,76,,,,2021-01-30,4,210147125.0,9176975,58462,223945,1279,7923794.0,913346.0,
1574218,1574218,Brasil,,,76,,,,2021-01-31,5,210147125.0,9204731,27756,224504,559,7960643.0,935204.0,
1574219,1574219,Brasil,,,76,,,,2021-02-01,5,210147125.0,9229322,24591,225099,595,7998246.0,954784.0,
1574220,1574220,Brasil,,,76,,,,2021-02-02,5,210147125.0,9283418,54096,226309,1210,8027042.0,953185.0,
1574221,1574221,Brasil,,,76,,,,2021-02-03,5,210147125.0,9339420,56002,227563,1254,8077967.0,926256.0,
1574222,1574222,Brasil,,,76,,,,2021-02-04,5,210147125.0,9396293,56873,228795,1232,8160929.0,896180.0,
1574223,1574223,Brasil,,,76,,,,2021-02-05,5,210147125.0,9447165,50872,230034,1239,8236864.0,874993.0,
1574224,1574224,Brasil,,,76,,,,2021-02-06,5,210147125.0,9497795,50630,231012,978,8291763.0,875735.0,
1574225,1574225,Brasil,,,76,,,,2021-02-07,6,210147125.0,9524640,26845,231534,522,8326798.0,890333.0,
1574226,1574226,Brasil,,,76,,,,2021-02-08,6,210147125.0,9548079,23439,232170,636,8363677.0,903106.0,
1574227,1574227,Brasil,,,76,,,,2021-02-09,6,210147125.0,9599565,51486,233520,1350,8397187.0,895919.0,
1574228,1574228,Brasil,,,76,,,,2021-02-10,6,210147125.0,9659167,59602,234850,1330,8447645.0,868264.0,
1574229,1574229,Brasil,,,76,,,,2021-02-11,6,210147125.0,9713909,54742,236201,1351,8523462.0,842583.0,
1574230,1574230,Brasil,,,76,,,,2021-02-12,6,210147125.0,9765455,51546,237489,1288,8596130.0,828187.0,
1574231,1574231,Brasil,,,76,,,,2021-02-13,6,210147125.0,9809754,44299,238532,1043,8643693.0,834015.0,
1574232,1574232,Brasil,,,76,,,,2021-02-14,7,210147125.0,9834513,24759,239245,713,8678327.0,849639.0,
1574233,1574233,Brasil,,,76,,,,2021-02-15,7,210147125.0,9866710,32197,239773,528,8710840.0,860382.0,
1574234,1574234,Brasil,,,76,,,,2021-02-16,7,210147125.0,9921981,55271,240940,1167,8745424.0,849844.0,
1574235,1574235,Brasil,,,76,,,,2021-02-17,7,210147125.0,9978747,56766,242090,1150,8805239.0,821698.0,
1574236,1574236,Brasil,,,76,,,,2021-02-18,7,210147125.0,10030626,51879,243457,1367,8883191.0,797850.0,
1574237,1574237,Brasil,,,76,,,,2021-02-19,7,210147125.0,10081676,51050,244765,1308,8950450.0,786207.0,
1574238,1574238,Brasil,,,76,,,,2021-02-20,7,210147125.0,10139148,57472,245977,1212,8995246.0,791923.0,
1574239,1574239,Brasil,,,76,,,,2021-02-21,8,210147125.0,10168174,29026,246504,527,9029159.0,807752.0,
1574240,1574240,Brasil,,,76,,,,2021-02-22,8,210147125.0,10195160,26986,247143,639,9067939.0,825232.0,
1574241,1574241,Brasil,,,76,,,,2021-02-23,8,210147125.0,10257875,62715,248529,1386,9095483.0,826187.0,
1574242,1574242,Brasil,,,76,,,,2021-02-24,8,210147125.0,10324463,66588,249957,1428,9139215.0,808802.0,
1574243,1574243,Brasil,,,76,,,,2021-02-25,8,210147125.0,10390461,65998,251498,1541,9215164.0,794182.0,
1574244,1574244,Brasil,,,76,,,,2021-02-26,8,210147125.0,10455630,65169,252835,1337,9281018.0,793488.0,
1574245,1574245,Brasil,,,76,,,,2021-02-27,8,210147125.0,10517232,61602,254221,1386,9323696.0,815267.0,
1574246,1574246,Brasil,,,76,,,,2021-02-28,9,210147125.0,10551259,34027,254942,721,9386440.0,876571.0,
1574247,1574247,Brasil,,,76,,,,2021-03-01,9,210147125.0,10587001,35742,255720,778,9411033.0,885284.0,
1574248,1574248,Brasil,,,76,,,,2021-03-02,9,210147125.0,10646926,59925,257361,1641,9457100.0,874181.0,
1574249,1574249,Brasil,,,76,,,,2021-03-03,9,210147125.0,10718630,71704,259271,1910,9527173.0,862392.0,
1574250,1574250,Brasil,,,76,,,,2021-03-04,9,210147125.0,10793732,75102,260970,1699,9591590.0,867769.0,
1574251,1574251,Brasil,,,76,,,,2021-03-05,9,210147125.0,10869227,75495,262770,1800,9637020.0,895742.0,
1574252,1574252,Brasil,,,76,,,,2021-03-06,9,210147125.0,10938836,69609,264325,1555,9671410.0,935047.0,
1574253,1574253,Brasil,,,76,,,,2021-03-07,10,210147125.0,11019344,80508,265411,1086,9704351.0,970160.0,
1574254,1574254,Brasil,,,76,,,,2021-03-08,10,210147125.0,11051665,32321,266398,987,9757178.0,996755.0,
1574255,1574255,Brasil,,,76,,,,2021-03-09,10,210147125.0,11122429,70764,268370,1972,9782320.0,1002947.0,
1574256,1574256,Brasil,,,76,,,,2021-03-10,10,210147125.0,11202305,79876,270656,2286,9843218.0,1010841.0,
1574257,1574257,Brasil,,,76,,,,2021-03-11,10,210147125.0,11277717,75412,272889,2233,9913739.0,1017910.0,
1574258,1574258,Brasil,,,76,,,,2021-03-12,10,210147125.0,11363380,85663,275105,2216,9958566.0,1046262.0,
1574259,1574259,Brasil,,,76,,,,2021-03-13,10,210147125.0,11439558,76178,277102,1997,10000980.0,1087295.0,
1574260,1574260,Brasil,,,76,,,,2021-03-14,11,210147125.0,11483370,43812,278229,1127,10036947.0,1125509.0,
1574261,1574261,Brasil,,,76,,,,2021-03-15,11,210147125.0,11519609,36239,279286,1057,10063808.0,1141333.0,
1574262,1574262,Brasil,,,76,,,,2021-03-16,11,210147125.0,11603535,83926,282127,2841,10111954.0,1128369.0,
1574263,1574263,Brasil,,,76,,,,2021-03-17,11,210147125.0,11693838,90303,284775,2648,10204541.0,1116867.0,
1574264,1574264,Brasil,,,76,,,,2021-03-18,11,210147125.0,11780820,86982,287499,2724,10287057.0,1122006.0,
1574265,1574265,Brasil,,,76,,,,2021-03-19,11,210147125.0,11871390,90570,290314,2815,10339432.0,1153889.0,
1574266,1574266,Brasil,,,76,,,,2021-03-20,11,210147125.0,11950459,79069,292752,2438,10383460.0,1197616.0,
1574267,1574267,Brasil,,,76,,,,2021-03-21,12,210147125.0,11998233,47774,294042,1290,10419393.0,1238314.0,
1574268,1574268,Brasil,,,76,,,,2021-03-22,12,210147125.0,12047526,49293,295425,1383,10449933.0,1254258.0,
1574269,1574269,Brasil,,,76,,,,2021-03-23,12,210147125.0,12130019,82493,298676,3251,10507995.0,1244106.0,
1574270,1574270,Brasil,,,76,,,,2021-03-24,12,210147125.0,12220011,89992,300685,2009,10601658.0,1229685.0,
1574271,1574271,Brasil,,,76,,,,2021-03-25,12,210147125.0,12320169,100158,303462,2777,10689646.0,1229680.0,
1574272,1574272,Brasil,,,76,,,,2021-03-26,12,210147125.0,12404414,84245,307112,3650,10772549.0,1244158.0,
1574273,1574273,Brasil,,,76,,,,2021-03-27,12,210147125.0,12490362,85948,310550,3438,10824095.0,1273207.0,
1574274,1574274,Brasil,,,76,,,,2021-03-28,13,210147125.0,12534688,44326,312206,1656,10879627.0,1300185.0,
1574275,1574275,Brasil,,,76,,,,2021-03-29,13,210147125.0,12573615,38927,313866,1660,10912941.0,1309541.0,
1574276,1574276,Brasil,,,76,,,,2021-03-30,13,210147125.0,12658109,84494,317646,3780,10969247.0,1290502.0,
1574277,1574277,Brasil,,,76,,,,2021-03-31,13,210147125.0,12748747,90638,321515,3869,11074483.0,1265980.0,
1574278,1574278,Brasil,,,76,,,,2021-04-01,13,210147125.0,12839844,91097,325284,3769,11169937.0,1257295.0,
1574279,1574279,Brasil,,,76,,,,2021-04-02,13,210147125.0,12910082,70238,328206,2922,11239099.0,1275461.0,
1574280,1574280,Brasil,,,76,,,,2021-04-03,13,210147125.0,12953597,43515,330193,1987,11276628.0,1305248.0,
1574281,1574281,Brasil,,,76,,,,2021-04-04,14,210147125.0,12984956,31359,331433,1240,11305746.0,1317658.0,
1574282,1574282,Brasil,,,76,,,,2021-04-05,14,210147125.0,13013601,28645,332752,1319,11357521.0,1296002.0,
1574283,1574283,Brasil,,,76,,,,2021-04-06,14,210147125.0,13100580,86979,336947,4195,11436189.0,1244660.0,
1574284,1574284,Brasil,,,76,,,,2021-04-07,14,210147125.0,13193205,92625,340776,3829,11558784.0,1204849.0,
1574285,1574285,Brasil,,,76,,,,2021-04-08,14,210147125.0,13279857,86652,345025,4249,11664158.0,1188271.0,
1574286,1574286,Brasil,,,76,,,,2021-04-09,14,210147125.0,13373174,93317,348718,3693,11732193.0,1202639.0,
1574287,1574287,Brasil,,,76,,,,2021-04-10,14,210147125.0,13445006,71832,351334,2616,11791885.0,1232571.0,
1574288,1574288,Brasil,,,76,,,,2021-04-11,15,210147125.0,13482023,37017,353137,1803,11838564.0,1255108.0,
1574289,1574289,Brasil,,,76,,,,2021-04-12,15,210147125.0,13517808,35785,354617,1480,11880803.0,1248083.0,
1574290,1574290,Brasil,,,76,,,,2021-04-13,15,210147125.0,13599994,82186,358425,3808,11957068.0,1206123.0,
1574291,1574291,Brasil,,,76,,,,2021-04-14,15,210147125.0,13673507,73513,361884,3459,12074798.0,1166771.0,
1574292,1574292,Brasil,,,76,,,,2021-04-15,15,210147125.0,13746681,73174,365444,3560,12170771.0,1140852.0,
1574293,1574293,Brasil,,,76,,,,2021-04-16,15,210147125.0,13832455,85774,368749,3305,12236295.0,1144942.0,
1574294,1574294,Brasil,,,76,,,,2021-04-17,15,210147125.0,13900091,67636,371678,2929,12298863.0,1164843.0,
1574295,1574295,Brasil,,,76,,,,2021-04-18,16,210147125.0,13943071,42980,373335,1657,12344861.0,1183552.0,
1574296,1574296,Brasil,,,76,,,,2021-04-19,16,210147125.0,13973695,30624,374682,1347,12391599.0,1178137.0,
1574297,1574297,Brasil,,,76,,,,2021-04-20,16,210147125.0,14043076,69381,378003,3321,12460712.0,1138301.0,
1574298,1574298,Brasil,,,76,,,,2021-04-21,16,210147125.0,14122795,79719,381475,3472,12561689.0,1103384.0,
1574299,1574299,Brasil,,,76,,,,2021-04-22,16,210147125.0,14167973,45178,383502,2027,12646132.0,1095188.0,
1574300,1574300,Brasil,,,76,,,,2021-04-23,16,210147125.0,14237078,69105,386416,2914,12673785.0,1110686.0,
1574301,1574301,Brasil,,,76,,,,2021-04-24,16,210147125.0,14308215,71137,389492,3076,12711103.0,1139559.0,
1574302,1574302,Brasil,,,76,,,,2021-04-25,17,210147125.0,14340787,32572,390797,1305,12766772.0,1151951.0,
1574303,1574303,Brasil,,,76,,,,2021-04-26,17,210147125.0,14369423,28636,391936,1139,12809169.0,1140821.0,
1574304,1574304,Brasil,,,76,,,,2021-04-27,17,210147125.0,14441563,72140,395022,3086,12879051.0,1098436.0,
1574305,1574305,Brasil,,,76,,,,2021-04-28,17,210147125.0,14521289,79726,398185,3163,12992442.0,1054099.0,
1574306,1574306,Brasil,,,76,,,,2021-04-29,17,210147125.0,14590678,69389,401186,3001,13091714.0,1031390.0,
1574307,1574307,Brasil,,,76,,,,2021-04-30,17,210147125.0,14659011,68333,403781,2595,13152118.0,1037374.0,
1574308,1574308,Brasil,,,76,,,,2021-05-01,17,210147125.0,14725975,66964,406437,2656,13194538.0,1060692.0,
1574309,1574309,Brasil,,,76,,,,2021-05-02,18,210147125.0,14754910,28935,407639,1202,13242665.0,1076873.0,
1574310,1574310,Brasil,,,76,,,,2021-05-03,18,210147125.0,14779529,24619,408622,983,13278718.0,1068553.0,
1574311,1574311,Brasil,,,76,,,,2021-05-04,18,210147125.0,14856888,77359,411588,2966,13336476.0,1034431.0,
1574312,1574312,Brasil,,,76,,,,2021-05-05,18,210147125.0,14930183,73295,414399,2811,13442996.0,1002304.0,
1574313,1574313,Brasil,,,76,,,,2021-05-06,18,210147125.0,15003563,73380,416949,2550,13529572.0,986212.0,
1574314,1574314,Brasil,,,76,,,,2021-05-07,18,210147125.0,15082449,78886,419114,2165,13591335.0,995279.0,
1574315,1574315,Brasil,,,76,,,,2021-05-08,18,210147125.0,15145879,63430,421316,2202,13640478.0,1022857.0,
1574316,1574316,Brasil,,,76,,,,2021-05-09,19,210147125.0,15184790,38911,422340,1024,13677668.0,1046895.0,
1574317,1574317,Brasil,,,76,,,,2021-05-10,19,210147125.0,15209990,25200,423229,889,13714135.0,1048315.0,
1574318,1574318,Brasil,,,76,,,,2021-05-11,19,210147125.0,15282705,72715,425540,2311,13759125.0,1027636.0,
1574319,1574319,Brasil,,,76,,,,2021-05-12,19,210147125.0,15359397,76692,428034,2494,13847191.0,1009974.0,
1574320,1574320,Brasil,,,76,,,,2021-05-13,19,210147125.0,15433989,74592,430417,2383,13924217.0,1007146.0,
1574321,1574321,Brasil,,,76,,,,2021-05-14,19,210147125.0,15519525,85536,432628,2211,13979329.0,1024243.0,
1574322,1574322,Brasil,,,76,,,,2021-05-15,19,210147125.0,15586534,67009,434715,2087,14028355.0,1058542.0,
1574323,1574323,Brasil,,,76,,,,2021-05-16,20,210147125.0,15627475,40941,435751,1036,14062396.0,1089423.0,
1574324,1574324,Brasil,,,76,,,,2021-05-17,20,210147125.0,15657391,29916,436537,786,14097287.0,1094437.0,
1574325,1574325,Brasil,,,76,,,,2021-05-18,20,210147125.0,15732836,75445,439050,2513,14152433.0,1068421.0,
1574326,1574326,Brasil,,,76,,,,2021-05-19,20,210147125.0,15812055,79219,441691,2641,14247609.0,1046177.0,
1574327,1574327,Brasil,,,76,,,,2021-05-20,20,210147125.0,15894094,82039,444094,2403,14330118.0,1040246.0,
1574328,1574328,Brasil,,,76,,,,2021-05-21,20,210147125.0,15970949,76855,446309,2215,14385962.0,1064038.0,
1574329,1574329,Brasil,,,76,,,,2021-05-22,20,210147125.0,16047439,76490,448208,1899,14422209.0,1102431.0,
1574330,1574330,Brasil,,,76,,,,2021-05-23,21,210147125.0,16083258,35819,449068,860,14462432.0,1136799.0,
1574331,1574331,Brasil,,,76,,,,2021-05-24,21,210147125.0,16120756,37498,449858,790,14492167.0,1142023.0,
1574332,1574332,Brasil,,,76,,,,2021-05-25,21,210147125.0,16194209,73453,452031,2173,14552024.0,1118874.0,
1574333,1574333,Brasil,,,76,,,,2021-05-26,21,210147125.0,16274695,80486,454429,2398,14648332.0,1093846.0,
1574334,1574334,Brasil,,,76,,,,2021-05-27,21,210147125.0,16342162,67467,456674,2245,14733987.0,1086279.0,
1574335,1574335,Brasil,,,76,,,,2021-05-28,21,210147125.0,16391930,49768,459045,2371,14786292.0,1099196.0,
1574336,1574336,Brasil,,,76,,,,2021-05-29,21,210147125.0,16471600,79670,461057,2012,14811266.0,1121619.0,
1574337,1574337,Brasil,,,76,,,,2021-05-30,22,210147125.0,16515120,43520,461931,874,14869696.0,1140847.0,
1574338,1574338,Brasil,,,76,,,,2021-05-31,22,210147125.0,16545554,30434,462791,860,14912744.0,1140445.0,
1574339,1574339,Brasil,,,76,,,,2021-06-01,22,210147125.0,16624480,78926,465199,2408,14964631.0,1118132.0,
1574340,1574340,Brasil,,,76,,,,2021-06-02,22,210147125.0,16720081,95601,467706,2507,15068146.0,1091135.0,
1574341,1574341,Brasil,,,76,,,,2021-06-03,22,210147125.0,16803472,83391,469388,1682,15168330.0,1084045.0,
1574342,1574342,Brasil,,,76,,,,2021-06-04,22,210147125.0,16841408,37936,470842,1454,15228983.0,1105101.0,
1574343,1574343,Brasil,,,76,,,,2021-06-05,22,210147125.0,16907425,66017,472531,1689,15239692.0,1130874.0,
1574344,1574344,Brasil,,,76,,,,2021-06-06,23,210147125.0,16947062,39637,473404,873,15290500.0,1144394.0,
1574345,1574345,Brasil,,,76,,,,2021-06-07,23,210147125.0,16984218,37156,474414,1010,15342286.0,1131372.0,
1574346,1574346,Brasil,,,76,,,,2021-06-08,23,210147125.0,17037129,52911,476792,2378,15408401.0,1101403.0,
1574347,1574347,Brasil,,,76,,,,2021-06-09,23,210147125.0,17122877,85748,479515,2723,15494071.0,1066266.0,
1574348,1574348,Brasil,,,76,,,,2021-06-10,23,210147125.0,17210969,88092,482019,2504,15596816.0,1046546.0,
1574349,1574349,Brasil,,,76,,,,2021-06-11,23,210147125.0,17296118,85149,484235,2216,15670754.0,1058196.0,
1574350,1574350,Brasil,,,76,,,,2021-06-12,23,210147125.0,17374818,78700,486272,2037,15718593.0,1093290.0,
1574351,1574351,Brasil,,,76,,,,2021-06-13,24,210147125.0,17412766,37948,487401,1129,15761177.0,1127369.0,
1574352,1574352,Brasil,,,76,,,,2021-06-14,24,210147125.0,17452612,39846,488228,827,15794548.0,1130817.0,
1574353,1574353,Brasil,,,76,,,,2021-06-15,24,210147125.0,17533221,80609,490696,2468,15854264.0,1110120.0,
1574354,1574354,Brasil,,,76,,,,2021-06-16,24,210147125.0,17628588,95367,493693,2997,15944646.0,1097879.0,
1574355,1574355,Brasil,,,76,,,,2021-06-17,24,210147125.0,17702630,74042,496004,2311,16030601.0,1104294.0,
1574356,1574356,Brasil,,,76,,,,2021-06-18,24,210147125.0,17801462,98832,498499,2495,16077483.0,1129143.0,
1574357,1574357,Brasil,,,76,,,,2021-06-19,24,210147125.0,17883750,82288,500800,2301,16136968.0,1165995.0,
1574358,1574358,Brasil,,,76,,,,2021-06-20,25,210147125.0,17927928,44178,501825,1025,16183849.0,1199101.0,
1574359,1574359,Brasil,,,76,,,,2021-06-21,25,210147125.0,17966831,38903,502586,761,16220238.0,1205865.0,
1574360,1574360,Brasil,,,76,,,,2021-06-22,25,210147125.0,18054653,87822,504717,2131,16288392.0,1175853.0,
1574361,1574361,Brasil,,,76,,,,2021-06-23,25,210147125.0,18169881,115228,507109,2392,16388847.0,1161089.0,
1574362,1574362,Brasil,,,76,,,,2021-06-24,25,210147125.0,18243483,73602,509141,2032,16483635.0,1179137.0,
1574363,1574363,Brasil,,,76,,,,2021-06-25,25,210147125.0,18322760,79277,511142,2001,16511701.0,1222641.0,
1574364,1574364,Brasil,,,76,,,,2021-06-26,25,210147125.0,18386894,64134,512735,1593,16548159.0,1263459.0,
1574365,1574365,Brasil,,,76,,,,2021-06-27,26,210147125.0,18420598,33704,513474,739,16582053.0,1292106.0,
1574366,1574366,Brasil,,,76,,,,2021-06-28,26,210147125.0,18448402,27804,514092,618,16613992.0,1293132.0,
1574367,1574367,Brasil,,,76,,,,2021-06-29,26,210147125.0,18513305,64903,515985,1893,16673329.0,1260981.0,
1574368,1574368,Brasil,,,76,,,,2021-06-30,26,210147125.0,18557141,43836,518066,2081,16779136.0,1218184.0,
2591227,2591227,Brasil,,,76,,,,2021-07-01,26,210147125.0,18622304,65163,520095,2029,16858632.0,1180443.0,
2591228,2591228,Brasil,,,76,,,,2021-07-02,26,210147125.0,18687469,65165,521952,1857,16931272.0,1170937.0,
2591229,2591229,Brasil,,,76,,,,2021-07-03,26,210147125.0,18742025,54556,523587,1635,16989351.0,1176166.0,
2591230,2591230,Brasil,,,76,,,,2021-07-04,27,210147125.0,18769808,27783,524417,830,17033808.0,1184630.0,
2591231,2591231,Brasil,,,76,,,,2021-07-05,27,210147125.0,18792511,22703,525112,695,17082876.0,1162515.0,
2591232,2591232,Brasil,,,76,,,,2021-07-06,27,210147125.0,18855015,62504,526892,1780,17151673.0,1115726.0,
2591233,2591233,Brasil,,,76,,,,2021-07-07,27,210147125.0,18909037,54022,528540,1648,17262646.0,1065477.0,
2591234,2591234,Brasil,,,76,,,,2021-07-08,27,210147125.0,18962762,53725,530179,1639,17352670.0,1027827.0,
2591235,2591235,Brasil,,,76,,,,2021-07-09,27,210147125.0,19020499,57737,531688,1509,17422854.0,1009729.0,
2591236,2591236,Brasil,,,76,,,,2021-07-10,27,210147125.0,19069003,48504,532893,1205,17479277.0,1009534.0,
2591237,2591237,Brasil,,,76,,,,2021-07-11,28,210147125.0,19089940,20937,533488,595,17530369.0,1005741.0,
2591238,2591238,Brasil,,,76,,,,2021-07-12,28,210147125.0,19106971,17031,534233,745,17588312.0,968140.0,
2591239,2591239,Brasil,,,76,,,,2021-07-13,28,210147125.0,19151993,45022,535838,1605,17666654.0,906084.0,
2591240,2591240,Brasil,,,76,,,,2021-07-14,28,210147125.0,19209729,57736,537394,1556,17770617.0,845538.0,
2591241,2591241,Brasil,,,76,,,,2021-07-15,28,210147125.0,19262518,52789,538942,1548,17858633.0,813702.0,
2591242,2591242,Brasil,,,76,,,,2021-07-16,28,210147125.0,19308109,45591,540398,1456,17917189.0,806387.0,
2591243,2591243,Brasil,,,76,,,,2021-07-17,28,210147125.0,19342448,34339,541266,868,17951699.0,816012.0,
2591244,2591244,Brasil,,,76,,,,2021-07-18,29,210147125.0,19376574,34126,542214,948,17983275.0,817907.0,
2591245,2591245,Brasil,,,76,,,,2021-07-19,29,210147125.0,19391845,15271,542756,542,18023512.0,810848.0,
2591246,2591246,Brasil,,,76,,,,2021-07-20,29,210147125.0,19419437,27592,544180,1424,18067080.0,782009.0,
2591247,2591247,Brasil,,,76,,,,2021-07-21,29,210147125.0,19473954,54517,545604,1424,18124621.0,750636.0,
2591248,2591248,Brasil,,,76,,,,2021-07-22,29,210147125.0,19523711,49757,547016,1412,18206173.0,722177.0,
2591249,2591249,Brasil,,,76,,,,2021-07-23,29,210147125.0,19632443,108732,548340,1324,18331462.0,752641.0,
2591250,2591250,Brasil,,,76,,,,2021-07-24,29,210147125.0,19670534,38091,549448,1108,18340760.0,780326.0,
2591251,2591251,Brasil,,,76,,,,2021-07-25,30,210147125.0,19688663,18129,549924,476,18349436.0,789303.0,
2591252,2591252,Brasil,,,76,,,,2021-07-26,30,210147125.0,19707662,18999,550502,578,18398567.0,758593.0,
2591253,2591253,Brasil,,,76,,,,2021-07-27,30,210147125.0,19749073,41411,551835,1333,18466822.0,730416.0,
2591254,2591254,Brasil,,,76,,,,2021-07-28,30,210147125.0,19797086,48013,553179,1344,18530306.0,713601.0,
2591255,2591255,Brasil,,,76,,,,2021-07-29,30,210147125.0,19839369,42283,554497,1318,18569991.0,714881.0,
2591256,2591256,Brasil,,,76,,,,2021-07-30,30,210147125.0,19880273,40904,555460,963,18595380.0,729433.0,
2591257,2591257,Brasil,,,76,,,,2021-07-31,30,210147125.0,19917855,37582,556370,910,18619542.0,741943.0,
2591258,2591258,Brasil,,,76,,,,2021-08-01,31,210147125.0,19938358,20503,556834,464,18645993.0,735531.0,
2591259,2591259,Brasil,,,76,,,,2021-08-02,31,210147125.0,19953501,15143,557223,389,18687203.0,709075.0,
2591260,2591260,Brasil,,,76,,,,2021-08-03,31,210147125.0,19985817,32316,558432,1209,18746865.0,680520.0,
2591261,2591261,Brasil,,,76,,,,2021-08-04,31,210147125.0,20026533,40716,559607,1175,18800884.0,666042.0,
2591262,2591262,Brasil,,,76,,,,2021-08-05,31,210147125.0,20066587,40054,560706,1099,18840232.0,665649.0,
2591263,2591263,Brasil,,,76,,,,2021-08-06,31,210147125.0,20108746,42159,561762,1056,18868602.0,678382.0,
2591264,2591264,Brasil,,,76,,,,2021-08-07,31,210147125.0,20151779,43033,562752,990,18894631.0,694396.0,
2591265,2591265,Brasil,,,76,,,,2021-08-08,32,210147125.0,20165672,13893,563151,399,18907243.0,695278.0,
